Program Group,Local Board Name,Participants,Trained Participants,Trained Participants Rate,Work Experience Rate,ERQ2,ERQ4,MEQ2,CRED,MSG,Final KPIs Above Benchmark,Final KPIs Below Benchmark,Final KPIs Unavailable
Adult,Kansas WorkforceONE,274.0,130.0,0.474,0.0218978102189781,0.870000004768372,0.828999996185303,8396.2802734375,0.578000009059906,0.804000020027161,4,1,3
Adult,"Heartland Works, Inc.",191.0,153.0,0.801,,0.800000011920929,0.744000017642975,9627.9404296875,0.754000008106232,0.751999974250793,4,1,3
Adult,Workforce Partnership,272.0,70.0,0.257,0.0477941176470588,0.717999994754791,0.735000014305115,8803.25,0.873000025749207,0.879000008106232,5,0,3
Adult,Workforce Alliance of South Central Kansas,1304.0,3.0,0.002,,0.684000015258789,0.662999987602234,7464.31005859375,0.300000011920929,1.0,1,4,3
Adult,Southeast KANSASWORKS,259.0,75.0,0.29,0.0308880308880309,0.707000017166138,0.693000018596649,8751.080078125,0.680999994277954,0.540000021457672,1,4,3
Dislocated Worker,Kansas WorkforceONE,113.0,106.0,0.938,0.0,0.959999978542328,0.939000010490417,12777.1298828125,1.0,0.924000024795532,4,1,3
Dislocated Worker,"Heartland Works, Inc.",63.0,61.0,0.968,0.0,0.813000023365021,0.779999971389771,14560.0,1.0,0.9520000219345092,2,3,3
Dislocated Worker,Workforce Partnership,75.0,16.0,0.213,0.0,0.814999997615814,0.787999987602234,14888.0,0.818000018596649,0.875,1,4,3
Dislocated Worker,Workforce Alliance of South Central Kansas,19.0,7.0,0.368,0.0,0.824000000953674,0.888999998569489,15757.8603515625,0.0,,2,2,4
Dislocated Worker,Southeast KANSASWORKS,35.0,16.0,0.457,0.0,,,,,0.71399998664856,0,1,7
Youth,Kansas WorkforceONE,88.0,26.0,0.295,0.556818181818182,0.820999979972839,0.908999979496002,3868.32495117188,0.71399998664856,0.78600001335144,4,1,3
Youth,"Heartland Works, Inc.",156.0,10.0,0.064,0.57051282051282,0.633000016212463,0.709999978542328,4241.1201171875,0.545000016689301,0.575999975204468,1,4,3
Youth,Workforce Partnership,173.0,46.0,0.266,0.473988439306358,0.75,0.711000025272369,3714.34008789062,0.611999988555908,0.630999982357025,2,3,3
Youth,Workforce Alliance of South Central Kansas,102.0,34.0,0.333,0.509803921568627,0.71399998664856,0.804000020027161,3309.94506835938,0.522000014781952,0.691999971866608,2,3,3
Youth,Southeast KANSASWORKS,107.0,21.0,0.196,0.485981308411215,0.796999990940094,0.71399998664856,6585.0,0.381999999284744,0.597000002861023,2,3,3
