Quarter End Date,Program,State,Local Board Code,Local Board Name,Participants,Trained Participants,Trained Participants Rate,Work Experience Rate,Exiters,Registered Apprenticeship Numerator,Registered Apprenticeship Denominator,Registered Apprenticeship Rate,ERQ2 Numerator,ERQ2 Denominator,ERQ2,ERQ4 Numerator,ERQ4 Denominator,ERQ4,MEQ2,CRED Numerator,CRED Denominator,CRED,MSG Numerator,MSG Denominator,MSG,Program Group,KS Benchmark Trained Participants Rate,KS Benchmark Work Experience Rate,KS Benchmark Registered Apprenticeship Rate,KS Benchmark ERQ2,KS Benchmark ERQ4,KS Benchmark MEQ2,KS Benchmark CRED,KS Benchmark MSG,Trained Participants Rate Gap,Trained Participants Rate Status,Work Experience Rate Gap,Work Experience Rate Status,Registered Apprenticeship Rate Gap,Registered Apprenticeship Rate Status,ERQ2 Gap,ERQ2 Status,ERQ4 Gap,ERQ4 Status,MEQ2 Gap,MEQ2 Status,CRED Gap,CRED Status,MSG Gap,MSG Status,KPIs Above Benchmark,KPIs Below Benchmark,KPIs Unavailable
2025-06-30,WIOA Adult,KS,20005,Kansas WorkforceONE,274.0,130.0,0.474,0.0218978102189781,178.0,68.0,368.0,0.184782608695652,141.0,162.0,0.870000004768372,155.0,187.0,0.828999996185303,8396.2802734375,37.0,64.0,0.578000009059906,82.0,102.0,0.804000020027161,Adult,,,,0.717000007629395,0.702000021934509,8195.83984375,0.71399998664856,0.754999995231628,,Unavailable,,Unavailable,,Unavailable,0.15299999713897705,Above Benchmark,0.1269999742507939,Above Benchmark,200.4404296875,Above Benchmark,-0.135999977588654,Below Benchmark,0.049000024795533004,Above Benchmark,4,1,3
2025-06-30,WIOA Adult,KS,20010,"Heartland Works, Inc.",191.0,153.0,0.801,,152.0,41.0,347.0,0.118155619596542,144.0,180.0,0.800000011920929,122.0,164.0,0.744000017642975,9627.9404296875,89.0,118.0,0.754000008106232,100.0,133.0,0.751999974250793,Adult,,,,0.717000007629395,0.702000021934509,8195.83984375,0.71399998664856,0.754999995231628,,Unavailable,,Unavailable,,Unavailable,0.08300000429153398,Above Benchmark,0.04199999570846591,Above Benchmark,1432.1005859375,Above Benchmark,0.04000002145767201,Above Benchmark,-0.003000020980834961,Below Benchmark,4,1,3
2025-06-30,WIOA Adult,KS,20015,Workforce Partnership,272.0,70.0,0.257,0.0477941176470588,326.0,3.0,742.0,0.0040431266846361,288.0,401.0,0.717999994754791,263.0,358.0,0.735000014305115,8803.25,62.0,71.0,0.873000025749207,58.0,66.0,0.879000008106232,Adult,,,,0.717000007629395,0.702000021934509,8195.83984375,0.71399998664856,0.754999995231628,,Unavailable,,Unavailable,,Unavailable,0.0009999871253960624,Above Benchmark,0.03299999237060591,Above Benchmark,607.41015625,Above Benchmark,0.15900003910064697,Above Benchmark,0.12400001287460405,Above Benchmark,5,0,3
2025-06-30,WIOA Adult,KS,20020,Workforce Alliance of South Central Kansas,1304.0,3.0,0.002,,1122.0,3.0,2417.0,0.0012412081092263,820.0,1198.0,0.684000015258789,678.0,1022.0,0.662999987602234,7464.31005859375,3.0,10.0,0.300000011920929,3.0,3.0,1.0,Adult,,,,0.717000007629395,0.702000021934509,8195.83984375,0.71399998664856,0.754999995231628,,Unavailable,,Unavailable,,Unavailable,-0.032999992370606024,Below Benchmark,-0.03900003433227506,Below Benchmark,-731.52978515625,Below Benchmark,-0.413999974727631,Below Benchmark,0.24500000476837203,Above Benchmark,1,4,3
2025-06-30,WIOA Adult,KS,20025,Southeast KANSASWORKS,259.0,75.0,0.29,0.0308880308880309,174.0,5.0,393.0,0.0127226463104326,58.0,82.0,0.707000017166138,142.0,205.0,0.693000018596649,8751.080078125,64.0,94.0,0.680999994277954,34.0,63.0,0.540000021457672,Adult,,,,0.717000007629395,0.702000021934509,8195.83984375,0.71399998664856,0.754999995231628,,Unavailable,,Unavailable,,Unavailable,-0.009999990463256947,Below Benchmark,-0.009000003337860107,Below Benchmark,555.240234375,Above Benchmark,-0.032999992370606024,Below Benchmark,-0.21499997377395597,Below Benchmark,1,4,3
2025-06-30,WIOA Dislocated Worker,KS,20005,Kansas WorkforceONE,113.0,106.0,0.938,0.0,97.0,0.0,147.0,0.0,24.0,25.0,0.959999978542328,46.0,49.0,0.939000010490417,12777.1298828125,7.0,7.0,1.0,97.0,105.0,0.924000024795532,Dislocated Worker,,,,0.829999983310699,0.861000001430511,14828.9404296875,0.866999983787537,0.894999980926514,,Unavailable,,Unavailable,,Unavailable,0.12999999523162897,Above Benchmark,0.078000009059906,Above Benchmark,-2051.810546875,Below Benchmark,0.13300001621246305,Above Benchmark,0.029000043869018,Above Benchmark,4,1,3
2025-06-30,WIOA Dislocated Worker,KS,20010,"Heartland Works, Inc.",63.0,61.0,0.968,0.0,60.0,0.0,114.0,0.0,39.0,48.0,0.813000023365021,32.0,41.0,0.779999971389771,14560.0,38.0,38.0,1.0,40.0,42.0,0.9520000219345092,Dislocated Worker,,,,0.829999983310699,0.861000001430511,14828.9404296875,0.866999983787537,0.894999980926514,,Unavailable,,Unavailable,,Unavailable,-0.016999959945678045,Below Benchmark,-0.08100003004074008,Below Benchmark,-268.9404296875,Below Benchmark,0.13300001621246305,Above Benchmark,0.05700004100799516,Above Benchmark,2,3,3
2025-06-30,WIOA Dislocated Worker,KS,20015,Workforce Partnership,75.0,16.0,0.213,0.0,42.0,0.0,84.0,0.0,22.0,27.0,0.814999997615814,26.0,33.0,0.787999987602234,14888.0,18.0,22.0,0.818000018596649,14.0,16.0,0.875,Dislocated Worker,,,,0.829999983310699,0.861000001430511,14828.9404296875,0.866999983787537,0.894999980926514,,Unavailable,,Unavailable,,Unavailable,-0.014999985694885032,Below Benchmark,-0.07300001382827703,Below Benchmark,59.0595703125,Above Benchmark,-0.048999965190888006,Below Benchmark,-0.019999980926514005,Below Benchmark,1,4,3
2025-06-30,WIOA Dislocated Worker,KS,20020,Workforce Alliance of South Central Kansas,19.0,7.0,0.368,0.0,20.0,0.0,181.0,0.0,61.0,74.0,0.824000000953674,136.0,153.0,0.888999998569489,15757.8603515625,0.0,5.0,0.0,-1.0,4.0,,Dislocated Worker,,,,0.829999983310699,0.861000001430511,14828.9404296875,0.866999983787537,0.894999980926514,,Unavailable,,Unavailable,,Unavailable,-0.0059999823570250355,Below Benchmark,0.02799999713897794,Above Benchmark,928.919921875,Above Benchmark,-0.866999983787537,Below Benchmark,,Unavailable,2,2,4
2025-06-30,WIOA Dislocated Worker,KS,20025,Southeast KANSASWORKS,35.0,16.0,0.457,0.0,13.0,0.0,18.0,0.0,0.0,-1.0,0.0,-1.0,5.0,,,-1.0,3.0,,10.0,14.0,0.71399998664856,Dislocated Worker,,,,0.829999983310699,0.861000001430511,14828.9404296875,0.866999983787537,0.894999980926514,,Unavailable,,Unavailable,,Unavailable,-0.829999983310699,Below Benchmark,,Unavailable,,Unavailable,,Unavailable,-0.180999994277954,Below Benchmark,0,2,6
2025-06-30,WIOA Youth,KS,20005,Kansas WorkforceONE,88.0,26.0,0.295,0.556818181818182,28.0,0.0,39.0,0.0,23.0,28.0,0.820999979972839,10.0,11.0,0.908999979496002,3868.32495117188,5.0,7.0,0.71399998664856,22.0,28.0,0.78600001335144,Youth,,,,0.739000022411346,0.737999975681305,4265.14501953125,0.53600001335144,0.632000029087067,,Unavailable,,Unavailable,,Unavailable,0.08199995756149303,Above Benchmark,0.17100000381469693,Above Benchmark,-396.82006835937,Below Benchmark,0.17799997329712003,Above Benchmark,0.153999984264373,Above Benchmark,4,1,3
2025-06-30,WIOA Youth,KS,20010,"Heartland Works, Inc.",156.0,10.0,0.064,0.57051282051282,46.0,0.0,119.0,0.0,38.0,60.0,0.633000016212463,49.0,69.0,0.709999978542328,4241.1201171875,30.0,55.0,0.545000016689301,38.0,66.0,0.575999975204468,Youth,,,,0.739000022411346,0.737999975681305,4265.14501953125,0.53600001335144,0.632000029087067,,Unavailable,,Unavailable,,Unavailable,-0.10600000619888295,Below Benchmark,-0.02799999713897705,Below Benchmark,-24.02490234375,Below Benchmark,0.009000003337860996,Above Benchmark,-0.05600005388259899,Below Benchmark,1,4,3
2025-06-30,WIOA Youth,KS,20015,Workforce Partnership,173.0,46.0,0.266,0.473988439306358,128.0,0.0,220.0,0.0,54.0,72.0,0.75,59.0,83.0,0.711000025272369,3714.34008789062,30.0,49.0,0.611999988555908,41.0,65.0,0.630999982357025,Youth,,,,0.739000022411346,0.737999975681305,4265.14501953125,0.53600001335144,0.632000029087067,,Unavailable,,Unavailable,,Unavailable,0.010999977588654009,Above Benchmark,-0.02699995040893599,Below Benchmark,-550.80493164063,Below Benchmark,0.075999975204468,Above Benchmark,-0.001000046730041948,Below Benchmark,2,3,3
2025-06-30,WIOA Youth,KS,20020,Workforce Alliance of South Central Kansas,102.0,34.0,0.333,0.509803921568627,31.0,0.0,90.0,0.0,25.0,35.0,0.71399998664856,41.0,51.0,0.804000020027161,3309.94506835938,12.0,23.0,0.522000014781952,18.0,26.0,0.691999971866608,Youth,,,,0.739000022411346,0.737999975681305,4265.14501953125,0.53600001335144,0.632000029087067,,Unavailable,,Unavailable,,Unavailable,-0.025000035762785977,Below Benchmark,0.06600004434585593,Above Benchmark,-955.19995117187,Below Benchmark,-0.01399999856948797,Below Benchmark,0.059999942779541016,Above Benchmark,2,3,3
2025-06-30,WIOA Youth,KS,20025,Southeast KANSASWORKS,107.0,21.0,0.196,0.485981308411215,50.0,-1.0,119.0,,55.0,69.0,0.796999990940094,35.0,49.0,0.71399998664856,6585.0,13.0,34.0,0.381999999284744,37.0,62.0,0.597000002861023,Youth,,,,0.739000022411346,0.737999975681305,4265.14501953125,0.53600001335144,0.632000029087067,,Unavailable,,Unavailable,,Unavailable,0.057999968528748,Above Benchmark,-0.023999989032745028,Below Benchmark,2319.85498046875,Above Benchmark,-0.154000014066696,Below Benchmark,-0.035000026226044034,Below Benchmark,2,3,3
