Program Group,Local Board Code,Local Board Name,Participants,Trained Participants,Trained Participants Rate,Work Experience Rate,Registered Apprenticeship Rate,ERQ2,ERQ4,MEQ2,CRED,MSG,KS Benchmark ERQ2,KS Benchmark ERQ4,KS Benchmark MEQ2,KS Benchmark CRED,KS Benchmark MSG,ERQ2 Final Gap,ERQ4 Final Gap,MEQ2 Final Gap,CRED Final Gap,MSG Final Gap,ERQ2 Final Status,ERQ4 Final Status,MEQ2 Final Status,CRED Final Status,MSG Final Status,Final KPIs Above Benchmark,Final KPIs Below Benchmark,Final KPIs Unavailable
Adult,20005,Kansas WorkforceONE,274.0,130.0,0.474,0.0218978102189781,0.184782608695652,0.870000004768372,0.828999996185303,8396.2802734375,0.578000009059906,0.804000020027161,0.717000007629395,0.702000021934509,8195.83984375,0.71399998664856,0.754999995231628,0.152999997138977,0.1269999742507939,200.4404296875,-0.135999977588654,0.049000024795533,Above Benchmark,Above Benchmark,Above Benchmark,Below Benchmark,Above Benchmark,4,1,3
Adult,20010,"Heartland Works, Inc.",191.0,153.0,0.801,,0.118155619596542,0.800000011920929,0.744000017642975,9627.9404296875,0.754000008106232,0.751999974250793,0.717000007629395,0.702000021934509,8195.83984375,0.71399998664856,0.754999995231628,0.0830000042915339,0.0419999957084659,1432.1005859375,0.040000021457672,-0.0030000209808349,Above Benchmark,Above Benchmark,Above Benchmark,Above Benchmark,Below Benchmark,4,1,3
Adult,20015,Workforce Partnership,272.0,70.0,0.257,0.0477941176470588,0.0040431266846361,0.717999994754791,0.735000014305115,8803.25,0.873000025749207,0.879000008106232,0.717000007629395,0.702000021934509,8195.83984375,0.71399998664856,0.754999995231628,0.000999987125396,0.0329999923706059,607.41015625,0.1590000391006469,0.124000012874604,Above Benchmark,Above Benchmark,Above Benchmark,Above Benchmark,Above Benchmark,5,0,3
Adult,20020,Workforce Alliance of South Central Kansas,1304.0,3.0,0.002,,0.0012412081092263,0.684000015258789,0.662999987602234,7464.31005859375,0.300000011920929,1.0,0.717000007629395,0.702000021934509,8195.83984375,0.71399998664856,0.754999995231628,-0.032999992370606,-0.039000034332275,-731.52978515625,-0.413999974727631,0.245000004768372,Below Benchmark,Below Benchmark,Below Benchmark,Below Benchmark,Above Benchmark,1,4,3
Adult,20025,Southeast KANSASWORKS,259.0,75.0,0.29,0.0308880308880309,0.0127226463104326,0.707000017166138,0.693000018596649,8751.080078125,0.680999994277954,0.540000021457672,0.717000007629395,0.702000021934509,8195.83984375,0.71399998664856,0.754999995231628,-0.0099999904632569,-0.0090000033378601,555.240234375,-0.032999992370606,-0.2149999737739559,Below Benchmark,Below Benchmark,Above Benchmark,Below Benchmark,Below Benchmark,1,4,3
Dislocated Worker,20005,Kansas WorkforceONE,113.0,106.0,0.938,0.0,0.0,0.959999978542328,0.939000010490417,12777.1298828125,1.0,0.924000024795532,0.829999983310699,0.861000001430511,14828.9404296875,0.866999983787537,0.894999980926514,0.1299999952316289,0.078000009059906,-2051.810546875,0.133000016212463,0.029000043869018,Above Benchmark,Above Benchmark,Below Benchmark,Above Benchmark,Above Benchmark,4,1,3
Dislocated Worker,20010,"Heartland Works, Inc.",63.0,61.0,0.968,0.0,0.0,0.813000023365021,0.779999971389771,14560.0,1.0,0.9520000219345092,0.829999983310699,0.861000001430511,14828.9404296875,0.866999983787537,0.894999980926514,-0.016999959945678,-0.08100003004074,-268.9404296875,0.133000016212463,0.0570000410079951,Below Benchmark,Below Benchmark,Below Benchmark,Above Benchmark,Above Benchmark,2,3,3
Dislocated Worker,20015,Workforce Partnership,75.0,16.0,0.213,0.0,0.0,0.814999997615814,0.787999987602234,14888.0,0.818000018596649,0.875,0.829999983310699,0.861000001430511,14828.9404296875,0.866999983787537,0.894999980926514,-0.014999985694885,-0.073000013828277,59.0595703125,-0.048999965190888,-0.019999980926514,Below Benchmark,Below Benchmark,Above Benchmark,Below Benchmark,Below Benchmark,1,4,3
Dislocated Worker,20020,Workforce Alliance of South Central Kansas,19.0,7.0,0.368,0.0,0.0,0.824000000953674,0.888999998569489,15757.8603515625,0.0,,0.829999983310699,0.861000001430511,14828.9404296875,0.866999983787537,0.894999980926514,-0.005999982357025,0.0279999971389779,928.919921875,-0.866999983787537,,Below Benchmark,Above Benchmark,Above Benchmark,Below Benchmark,Unavailable,2,2,4
Dislocated Worker,20025,Southeast KANSASWORKS,35.0,16.0,0.457,0.0,0.0,,,,,0.71399998664856,0.829999983310699,0.861000001430511,14828.9404296875,0.866999983787537,0.894999980926514,,,,,-0.180999994277954,Unavailable,Unavailable,Unavailable,Unavailable,Below Benchmark,0,1,7
Youth,20005,Kansas WorkforceONE,88.0,26.0,0.295,0.556818181818182,0.0,0.820999979972839,0.908999979496002,3868.32495117188,0.71399998664856,0.78600001335144,0.739000022411346,0.737999975681305,4265.14501953125,0.53600001335144,0.632000029087067,0.081999957561493,0.1710000038146969,-396.82006835937,0.17799997329712,0.153999984264373,Above Benchmark,Above Benchmark,Below Benchmark,Above Benchmark,Above Benchmark,4,1,3
Youth,20010,"Heartland Works, Inc.",156.0,10.0,0.064,0.57051282051282,0.0,0.633000016212463,0.709999978542328,4241.1201171875,0.545000016689301,0.575999975204468,0.739000022411346,0.737999975681305,4265.14501953125,0.53600001335144,0.632000029087067,-0.1060000061988829,-0.027999997138977,-24.02490234375,0.0090000033378609,-0.0560000538825989,Below Benchmark,Below Benchmark,Below Benchmark,Above Benchmark,Below Benchmark,1,4,3
Youth,20015,Workforce Partnership,173.0,46.0,0.266,0.473988439306358,0.0,0.75,0.711000025272369,3714.34008789062,0.611999988555908,0.630999982357025,0.739000022411346,0.737999975681305,4265.14501953125,0.53600001335144,0.632000029087067,0.010999977588654,-0.0269999504089359,-550.80493164063,0.075999975204468,-0.0010000467300419,Above Benchmark,Below Benchmark,Below Benchmark,Above Benchmark,Below Benchmark,2,3,3
Youth,20020,Workforce Alliance of South Central Kansas,102.0,34.0,0.333,0.509803921568627,0.0,0.71399998664856,0.804000020027161,3309.94506835938,0.522000014781952,0.691999971866608,0.739000022411346,0.737999975681305,4265.14501953125,0.53600001335144,0.632000029087067,-0.0250000357627859,0.0660000443458559,-955.19995117187,-0.0139999985694879,0.059999942779541,Below Benchmark,Above Benchmark,Below Benchmark,Below Benchmark,Above Benchmark,2,3,3
Youth,20025,Southeast KANSASWORKS,107.0,21.0,0.196,0.485981308411215,,0.796999990940094,0.71399998664856,6585.0,0.381999999284744,0.597000002861023,0.739000022411346,0.737999975681305,4265.14501953125,0.53600001335144,0.632000029087067,0.057999968528748,-0.023999989032745,2319.85498046875,-0.154000014066696,-0.035000026226044,Above Benchmark,Below Benchmark,Above Benchmark,Below Benchmark,Below Benchmark,2,3,3
